OBJECTID,NAME,STATESENAT,CONG,STATEREP,ShapeSTArea,ShapeSTLength
1,1066,19,23,118,195964896.996094,85065.0648787325
2,1067,19,23,118,1037444417.89844,173926.54440543
3,1068,19,23,118,399239063.478516,102152.266535767
4,1063,19,23,118,469715895.384766,123224.030460121
5,1065,19,23,118,542497633.794922,125473.640949694
6,1095,19,23,117,171591702.896484,53841.460065912
7,1094,19,20,117,61018403.53125,35009.0790212591
8,1062,19,23,118,211010557.972656,74758.6071950718
9,1075,19,20,117,36666309.1757812,29719.8679535054
10,1061,19,20,117,46531729.4042969,29693.8184500517
11,1039,19,20,117,79973536.7480469,51188.2925799435
12,1058,19,23,118,791009585.019531,120282.859107445
13,1107,19,28,118,431079186.201172,112097.344498928
14,1105,19,23,118,228374906.320312,95469.2328616611
15,1059,19,23,118,340420660.658203,116134.584767902
16,1042,19,20,117,16187883.953125,19483.0004877507
17,1047,19,20,118,22084588.8222656,18693.981467739
18,1048,19,20,118,50435359.203125,31794.771850623
19,1049,19,20,118,24622117.2050781,21705.7540689161
20,4216,19,28,118,392794382.863281,125263.248234262
21,1054,19,28,118,40738137.3359375,41234.8670792898
22,1052,19,28,118,20386745.0175781,21035.1891936205
23,1051,19,28,118,13860353.6660156,16259.6997294867
24,1050,19,28,118,13068696.9707031,15109.6509330838
25,1053,19,28,119,97904717.4628906,43172.5296914401
26,1091,19,28,119,25580282.2402344,39036.5401130608
27,4020,19,28,119,67972541.8261719,39752.5005358818
28,4019,19,28,119,30042961.8417969,28084.812707358
29,1102,19,28,118,261030916.292969,100945.613914792
30,1057,21,28,118,809235049.867188,156620.064912878
31,4215,19,28,118,84860138.2421875,62599.8715393387
32,4200,19,28,119,56527692.6191406,31820.8990476367
33,4073,19,28,118,210030874.294922,58733.2625670278
34,4204,19,28,119,57419491.7304688,42133.493470039
35,4074,21,28,118,473031095.873047,125220.124939491
36,4086,21,28,118,277690849.574219,200165.971654209
37,4121,21,28,118,130880401.429688,62720.7321580725
38,4072,21,28,118,929385324.132812,266944.779407764
39,1081,19,23,118,295648821.476562,92754.0835906839
40,1034,19,23,117,149022597.007812,57317.6888964572
41,1141,19,20,117,79565909.5976562,50939.0452306712
42,1151,19,20,117,141906701.623047,51651.7932298757
43,1100,26,20,124,27794341.9882812,27273.6471046406
44,1083,26,20,124,19140358.3144531,18664.5647181746
45,1156,19,20,117,18291626.9296875,20820.2792033597
46,1069,19,20,117,44139937.8027344,50138.6427881986
47,1093,19,20,124,69630833.4394531,37824.3980413488
48,1109,19,20,124,8043964.71875,12027.7542035524
49,2125,19,20,125,56693601.6503906,39172.6879240508
50,2147,19,20,125,4592050.75390625,10857.3698816567
51,3003,19,23,122,52717475.734375,40009.7218428111
52,2160,19,23,122,518392004.304688,199535.461614202
53,1155,26,20,117,22528923.2109375,22566.3847958635
54,1112,26,20,124,27525303.7773438,32679.3116842599
55,1076,26,20,124,21756408.3046875,21490.1654470032
56,1071,26,20,124,16318103.1230469,17114.0249747026
57,1036,19,23,117,36694905.7675781,33982.8083469042
58,3200,19,20,116,963965.609375,4046.42433756028
59,1012,26,23,124,21564508.484375,19106.3712499171
60,1070,26,23,124,13089113.8261719,16721.7327165244
61,1085,26,20,124,17079220.9355469,18533.9572813041
62,1043,26,20,124,12525692.8886719,14692.3590340282
63,1086,26,20,124,22048949.9121094,21331.2467783508
64,1002,26,20,124,4242833.34375,9039.50094285516
65,1079,26,20,124,22680621.0722656,21611.0842038067
66,1024,26,20,124,21068564.9765625,19129.9480827215
67,1113,19,20,124,59092622.8867188,32232.9533342636
68,1111,19,20,124,40723916.9140625,31088.3884954556
69,1080,26,23,124,26530751.0253906,25273.3454743025
70,1149,26,20,124,20794119.8554688,20402.7657477388
71,1087,26,20,124,38507135.8710938,35993.4418700963
72,1072,26,20,124,11292435.4667969,15030.9945818167
73,1104,26,20,124,19404011.5996094,19481.8567680025
74,1055,19,20,124,18286440.2519531,20512.7778691738
75,2068,26,20,125,27635287.7402344,29649.6279959774
76,2069,26,20,124,35507262.8652344,31800.455691171
77,2077,26,20,125,29078576.15625,25607.0543869168
78,1035,19,23,124,175522286.982422,72380.6608648147
79,1038,19,20,117,39940109.3691406,36180.0200297383
80,1037,19,20,117,23038849.8378906,23711.8320568281
81,1084,26,20,124,21520427.4726562,20341.8363150326
82,1033,19,23,117,38475434.75,57010.579263499
83,2044,26,20,124,85086585.5078125,37396.7389689229
84,1030,19,23,124,130906351.931641,76701.6792543067
85,4045,26,35,120,43143209.8066406,39413.3679180553
86,4042,19,35,120,52844890.7402344,47058.6385249584
87,4080,19,35,120,24671415.5234375,29103.6961853838
88,4182,26,35,120,1117310.8828125,21388.8504053434
89,4106,26,35,120,43960793.7246094,37304.5669007221
90,4063,26,35,120,25678877.9433594,24672.0825260437
91,4064,19,35,120,28181969.5039062,26640.0320084974
92,4085,19,28,118,49516773.3046875,43484.2958910562
93,4065,19,35,120,14730422.4199219,19011.7943978644
94,4160,19,35,120,12775189.0292969,15454.7425737891
95,4156,26,35,120,31051920.0742188,33816.5453482907
96,4143,19,35,120,46030342.9921875,38689.8392146218
97,4101,19,28,119,492602103.820312,124532.572496274
98,4109,19,35,119,38311040.5234375,31716.7566257294
99,4068,19,35,119,62269087.3242188,68997.5237423469
100,4139,25,35,120,1448882.546875,4734.24628756078
101,4046,25,21,121,25440271.5878906,22514.2030831901
102,3118,25,21,121,13568442.2070312,18253.3989768703
103,4047,26,35,120,37754793.65625,33261.5273150771
104,4102,26,35,121,7482502.78710938,16632.860898643
105,4181,26,35,121,4548011.79296875,10931.8178991642
106,3159,25,35,121,29539757.890625,23600.0367868852
107,3122,25,21,121,28079782.8554688,22893.8595913272
108,3001,25,21,121,80890764.015625,38500.9614739919
109,3154,25,21,121,11064474.625,16980.0084174878
110,3083,25,21,121,23346099.0371094,19875.3419014204
111,3085,25,21,121,8540025.56640625,16270.1170358092
112,3180,25,21,121,24002274.0859375,21548.6891556734
113,3120,25,21,121,48979428.7382812,29058.3815387656
114,3104,25,21,121,18425555.8398438,17529.3639507586
115,1145,19,23,117,69793870.2285156,51872.3923267154
116,3039,25,23,121,43846427.6484375,32819.6862148836
117,3153,25,21,121,12067630.1914062,28214.7458834917
118,3059,25,21,121,39920837.2832031,30647.8067032064
119,3090,25,21,121,37262520.1015625,39402.8460739673
120,4024,19,28,119,22586793.1972656,24017.1710725845
121,4033,19,28,119,78966188.9140625,44258.6169542281
122,4037,19,28,120,27674215.6757812,31641.906974082
123,4039,19,28,120,23559075.9160156,25928.3369872541
124,4034,19,28,119,44950129.8984375,32691.9395823108
125,4036,19,28,120,42383331.3632812,32952.6830119013
126,4041,19,28,120,32574877.5449219,39895.8441337558
127,4062,19,28,119,22798186.9316406,20876.430688873
128,4077,19,28,119,80331943.3808594,59516.0228973219
129,4070,19,28,120,24928267.5058594,29005.8663313974
130,4167,19,28,120,48208116.3125,34333.453322961
131,4040,19,35,120,102727138.871094,53814.2629481435
132,4082,19,35,120,43569874.0957031,36992.4190962439
133,4125,26,35,120,467645.87890625,3420.57782209899
134,4035,26,35,120,257819.5390625,2256.9894426797
135,4044,26,35,120,16307389.7363281,23813.9488134555
136,4071,19,28,118,714592372.873047,144254.903069138
137,4043,19,35,119,43058995.3007812,39313.9587055919
138,4058,19,28,118,31240612.7519531,30712.5838562237
139,4081,19,28,118,114231802.384766,49583.5853656228
140,4087,19,35,119,223134970.054688,76425.2243004758
141,4126,19,28,118,292818779.425781,142768.026230535
142,3058,26,20,116,39833754.7714844,27756.3797454142
143,3056,26,20,116,24407675.2011719,23568.7502169046
144,3073,26,23,122,25111121.875,20944.2726156325
145,3074,26,23,122,35999127.1972656,31852.0068847855
146,3142,26,20,116,9474111.90625,14621.9416218381
147,3126,25,23,122,879198786.232422,159133.981473881
148,3096,25,23,122,224464408.259766,72261.0665909243
149,3174,25,23,122,98863347.4257812,55047.6284713615
150,3055,25,23,122,250800920.863281,79994.2296246401
151,3017,25,23,122,94187239.2011719,59367.592907182
152,3034,25,23,122,55371744.9863281,39686.5817520507
153,3094,25,23,122,288286175.636719,136729.032793287
154,3097,25,23,122,1325979284.60547,185660.107088436
155,1040,19,20,117,30500528.7324219,30337.2395401005
156,1090,19,20,124,148356.125,2032.41487785306
157,1096,26,20,124,1581454.76953125,6273.27452542531
158,1026,19,20,117,47282483.2128906,30408.3767664467
159,1013,26,20,119,28067547.0859375,24671.1098280255
160,1029,26,20,124,25960466.34375,26813.9876681516
161,2017,26,20,124,7859008.22070312,11568.671610034
162,1088,26,20,124,13547663.5546875,15354.0641551072
163,1078,26,20,119,5159070.42578125,9743.36365781473
164,2029,26,35,124,9266052.953125,13200.7004282869
165,2030,26,20,124,15391510.9160156,17524.4242916949
166,2103,26,20,116,2905146.16992188,7142.94544027526
167,2071,26,35,123,4840360.56835938,8997.24970071182
168,2008,26,35,116,11884623.9785156,15400.5430753089
169,1022,19,20,117,10469467.5546875,14227.6452089549
170,1143,19,20,117,31895906.3613281,28765.8162923572
171,2075,26,35,116,8649625.4609375,12038.9226465047
172,1023,19,20,117,17401705.8945312,17893.3461025919
173,1014,19,20,117,10160404.0332031,13199.0116685428
174,1007,26,20,119,8213007.46875,12075.4761944949
175,1015,19,20,117,10271892.6132812,14596.7648144973
176,1021,19,20,119,16623150.0820312,18001.4121706565
177,1016,19,20,119,9461209.984375,13076.6288880109
178,1097,19,20,119,7843383.57617188,16992.8630681742
179,1006,26,20,119,16734880.4785156,18578.6458453429
180,1005,26,20,119,9139923.53515625,14617.4141607586
181,2032,26,35,124,4603052.90039062,10117.7197295286
182,1077,26,20,119,9412360.6015625,13302.0832667351
183,2018,26,35,123,8865138.74414062,13810.160555582
184,2031,26,35,123,13687653.59375,15838.6867696335
185,2079,26,35,123,5089027.4765625,9294.42918891517
186,2070,26,35,123,17374703.0332031,17429.7661309175
187,2002,26,35,123,10163712.0078125,13429.2613757598
188,1098,26,35,123,14692808.3515625,16945.8263844612
189,2001,26,35,123,13349949.3457031,15167.9428822607
190,1001,26,35,123,8954716.9375,13416.9036474524
191,2016,26,20,125,8705871.16210938,11999.6395989492
192,2015,26,20,125,22313849.328125,20799.6256508766
193,2074,26,20,125,8231921.640625,11562.9756769785
194,2014,26,20,116,9371575.16210938,12318.4322936551
195,2011,26,20,116,17092551.6777344,16969.2813236793
196,2012,26,20,125,18056748.8945312,21431.5717069
197,2013,26,20,116,11929133.9492188,15762.743391923
198,2025,26,20,116,27963844.7949219,22199.1205017944
199,2081,26,20,116,11674062.2148438,18149.0735518755
200,2028,26,20,116,18067308.1894531,21111.3533047908
201,2111,26,20,116,15446158.3339844,18328.7739903031
202,2083,26,20,116,6591991.23632812,12122.1292375551
203,2046,26,20,116,15835564.7851562,17450.8427564022
204,2047,26,20,116,10255856.0429688,16864.4697342874
205,2060,26,20,116,12709666.53125,18208.1495740991
206,2062,26,20,123,14484016.3828125,15279.8214378741
207,2007,26,35,116,12784220.6992188,15955.2083529115
208,2003,26,35,116,16765242.5019531,16565.0507551719
209,2005,26,35,116,11092094.0136719,17207.4111579123
210,2004,26,35,116,25820548.2402344,28016.2342425299
211,2104,26,35,123,2244115.63085938,8336.37852032188
212,2033,26,35,123,11420234.9707031,14860.4042945586
213,2034,26,35,123,10635221.1269531,13531.5387551918
214,4015,26,35,123,20195553.8339844,19820.7815076686
215,2045,26,20,116,7169545.90234375,13174.6943180092
216,2039,26,35,123,11034246.8222656,15929.6497561034
217,2048,26,20,116,12809473.1816406,15638.4103488774
218,2059,26,20,116,22909507.7910156,22803.7158439882
219,2085,26,20,123,11617262.7988281,14725.7014410235
220,2058,26,20,123,15997908.4003906,23982.5516129664
221,4157,26,35,123,12788788.9179688,15343.0267546539
222,2052,26,35,123,9233821.13671875,12805.0489240725
223,4155,26,35,123,14422922.8066406,16023.4941071537
224,2053,26,35,123,11099377.1621094,13645.5948448952
225,2057,26,20,123,17737715.8125,21154.7566684564
226,2056,26,20,123,10412718.25,13053.4467893174
227,1115,19,28,118,11781353.7558594,14434.4355302956
228,1018,19,20,119,7331535.68554688,13446.5500984675
229,2141,26,20,125,8996126.44335938,13813.6207126271
230,1017,19,28,119,14499666.0195312,19790.8471587366
231,1028,19,20,119,6884085.453125,11483.9707144614
232,1004,26,20,119,17818258.3476562,18535.7941433753
233,1019,19,28,119,33037069.8457031,24870.0574101302
234,4048,26,28,119,22499995.3203125,22202.3963787767
235,1003,26,35,123,23805586.7675781,22738.1660336708
236,4018,26,35,123,8280664.77539062,12536.8583690976
237,1010,26,28,123,7464542.06054688,11469.1041501525
238,4014,26,28,123,8140029.34960938,11576.2536560612
239,1008,26,35,123,12705176.4472656,18115.1362304852
240,4075,26,28,123,11131924.6191406,15241.511502487
241,4004,19,28,120,7714910.66210938,17447.2834386675
242,4124,19,28,119,39554481.6582031,33220.5937775586
243,4026,26,28,119,42201357.9199219,33551.1336528974
244,4016,26,28,119,19214591.8535156,19262.7425031217
245,4027,26,28,119,10862753.2402344,13746.0429005131
246,4025,19,28,119,13119998.28125,16095.5675127434
247,4032,19,28,119,14975285.0449219,18023.5649651592
248,4031,19,28,119,25698972.4414062,22708.4565748361
249,4013,26,28,119,8829384.26171875,12565.9259500948
250,4002,26,28,123,8952781.08203125,13305.2392486779
251,4028,26,28,119,16487338.0253906,16688.7668509555
252,4029,26,28,119,20983242.4375,18360.6355354611
253,4003,19,28,120,19830279.5449219,20530.853985622
254,4012,19,28,120,12820108.9492188,16040.1355744154
255,4011,19,28,120,11761962.4980469,15580.6472726592
256,4030,19,28,120,8005847.17578125,14007.2792766148
257,4001,26,35,123,29368968.1972656,32193.22214738
258,4017,26,35,123,23269070.8378906,22123.3632424119
259,2143,26,20,125,22751394.7285156,23549.1144350235
260,2095,26,20,116,16778191.2597656,18853.8636229191
261,2164,26,20,125,13809311.5839844,20933.9660112767
262,2168,26,20,116,8064929.81445312,14297.8356818499
263,2096,26,20,116,13894037.2792969,19350.7364407743
264,2166,26,20,125,24319049.6425781,24151.9249960248
265,2163,26,20,125,19121444.796875,18974.021558435
266,3109,19,20,116,20948155.4550781,26453.1085104161
267,3172,26,20,116,5575345.83203125,15215.8505692404
268,2174,26,20,125,24263190.1542969,20502.1672788943
269,3035,26,20,116,35161638.9121094,26052.3521678731
270,2169,26,20,116,12004283.7441406,20607.4116924641
271,2173,26,20,116,9455633.65820312,13955.5697240199
272,2091,26,20,116,13121654.0253906,15068.3832259271
273,2172,26,20,116,3228717.36914062,7372.22483961201
274,2110,26,20,116,20102600.6582031,30423.5381022276
275,2149,26,20,116,31017119.4335938,32490.8010835761
276,2175,26,20,116,23820668.9746094,25089.2349000861
277,3146,26,20,116,37881798.875,33533.0657491134
278,3113,26,20,116,6264737.58984375,10872.7633232994
279,3149,26,20,116,44713786.4570312,33506.2740945665
280,3143,26,20,116,9835620.8359375,12949.8415701443
281,3036,19,20,116,39784214.1796875,31744.3423789595
282,3029,26,20,116,18498937.0253906,21429.0281773569
283,3095,19,20,116,83714047.2792969,38724.2876288869
284,4091,26,35,120,8828504.22070312,13977.1983091493
285,2124,26,20,116,12932832.1308594,15876.4879834334
286,3164,25,21,121,140770070.21875,68258.8597735528
287,2134,26,20,116,13527830.5703125,16003.9884665988
288,2148,26,20,116,26523258.4902344,31831.5046936288
289,2009,26,20,116,15332070.1601562,18463.7613029767
290,3167,26,21,123,3798437.16992188,10374.7346243734
291,2064,26,20,123,16821130.8710938,23040.3165677621
292,3015,26,21,123,19370554.7460938,18635.8484606701
293,3182,26,21,123,7467487.5546875,13043.1698325389
294,3071,26,20,123,21083464.1054688,23019.937917573
295,3013,26,21,123,15009038.0117188,16554.1835393032
296,3112,26,20,116,9956976.14453125,13557.4453247756
297,3115,26,23,122,26176066.6035156,22238.0530551835
298,3166,26,21,123,8822046.57421875,15045.7411034908
299,3006,26,21,123,12246282.8554688,15723.2163199601
300,3069,26,21,123,27951099.5234375,23647.4203389462
301,2073,26,20,123,8133662.36523438,11566.4175207672
302,2080,26,20,123,9818114.6953125,14465.9969039522
303,2114,26,20,123,17026489.3632812,18782.6126581353
304,2100,26,20,123,13646023.0449219,21950.269041416
305,3171,26,21,123,458318.9453125,2591.02662232867
306,2082,26,20,123,18551591.4296875,22109.5071149147
307,3038,26,21,123,14918094.984375,19322.9230864518
308,2137,26,20,123,18422836.1953125,21279.3680822435
309,3067,26,21,123,43415412.5566406,28806.1377891924
310,3161,26,21,123,27748007.6972656,25127.3457957743
311,3068,26,21,123,16004227.65625,16941.1702091977
312,3066,26,21,123,20175063.2128906,20768.731821953
313,2092,26,21,123,3086782.7890625,7124.48736078268
314,3014,26,21,123,4715809.93359375,12749.0436812531
315,3132,26,21,123,10225385.4765625,20801.9678065629
316,3075,25,23,122,88562606.0292969,45869.0728703874
317,3070,26,21,122,23135565.6425781,19785.1957198443
318,3086,26,21,122,12340609.6484375,15432.9686030439
319,3130,25,23,122,23391631.5214844,37190.5530042522
320,3145,25,23,122,93520607.1523438,43096.4536311144
321,3077,26,21,123,22893560.4238281,24902.6353615454
322,3044,26,21,123,18146950.7773438,21477.9456261582
323,3078,26,21,123,21552811.4570312,27267.2726135292
324,3119,26,21,123,21980207.1347656,23112.58492772
325,3076,25,23,122,13047002.2910156,17402.3883405373
326,3030,25,23,122,17999897.8847656,22320.5380342852
327,3045,25,23,122,19241547.25,20597.4021867057
328,3102,25,21,122,38499604.3359375,35439.1746160218
329,3033,25,23,122,31353671.625,22637.4391689129
330,2038,26,20,123,30614888.1484375,23570.486477808
331,2138,26,20,123,14136371.1640625,16578.628351987
332,1031,26,20,124,25536818.484375,30845.0065159387
333,2043,26,20,124,18248242.0917969,21777.5958953726
334,1032,26,20,124,21879226.0878906,24866.4107691071
335,2019,26,20,124,11172185.3398438,18096.868681839
336,2049,26,20,125,94347492.3984375,39954.5150620827
337,2140,26,20,124,28482714.4980469,31625.0877964318
338,2090,26,20,125,27588069.2617188,29442.6463708177
339,2050,26,20,125,20659785.75,29902.4514489115
340,2061,26,20,125,27668309.3085938,38643.3403980651
341,3192,25,23,122,474719.9921875,3426.29330395003
342,3042,25,23,122,26743606.8066406,30911.5587552777
343,3193,25,21,122,2968319.22851562,10781.1568867495
344,3194,25,23,122,81167018.9902344,73470.0266258615
345,2020,26,20,124,66112376.4277344,46955.3913523395
346,2128,26,20,125,22830267.2265625,19788.0847619143
347,2042,26,20,125,18767086.8085938,20213.7506770904
348,2021,26,20,125,22298477.7480469,19485.8791884585
349,2022,26,20,125,13852435.8769531,15275.0383493923
350,2023,26,20,125,20164779.6269531,19445.5579893414
351,2041,26,20,125,20119871.8710938,19977.5269451323
352,2040,26,20,125,33926278.4277344,23548.4766076499
353,2151,26,20,125,3047156.85546875,8234.22856716053
354,2142,26,20,116,12343206.1796875,23351.4468178654
355,2024,26,20,125,23476890.2832031,23657.9066721055
356,2026,26,20,116,21714281.3632812,21788.0646857271
357,2027,26,20,116,14339636.1152344,15517.7310016852
358,2098,26,20,125,18069892.9140625,17871.3463660896
359,2078,26,20,125,14386189.015625,16489.4880229144
360,2097,26,20,125,24503174.3261719,30561.6875904289
361,2088,26,20,125,24620973.8007812,26387.4581547421
362,2102,26,20,125,14726779.2050781,22137.7265840835
363,2127,26,20,125,13038650.2324219,16693.8480893369
364,2072,26,20,125,16911546.9257812,20407.1879315779
365,2087,26,20,125,12734871.8261719,16215.6978196172
366,2123,19,23,122,30226960.8027344,47884.8133916706
367,2076,26,23,125,16356664.0507812,22941.0666829319
368,2139,19,23,125,13186596.7285156,15830.8472206771
369,2066,19,23,125,27809654.1386719,22454.2130826326
370,2145,26,20,125,2606549.38085938,7549.67509694284
371,2130,26,20,125,12936442.9101562,19949.9180157519
372,2126,26,20,125,35447174.2675781,33611.9868473697
373,2086,26,20,125,31571288.0605469,28329.9546613327
374,2084,26,23,125,30914204.8320312,22723.2144223184
375,2099,19,23,125,9506655.609375,14752.098323682
376,2170,19,20,125,37237759.7636719,24513.1304603819
377,2161,26,23,125,8156770.421875,15157.4208803891
378,2037,26,23,125,12175167.6269531,17443.6922073221
379,2165,19,20,125,17244404.96875,17813.9460954302
380,3106,19,23,122,72052709.0722656,65596.5651569902
381,3101,19,23,122,35076977.6484375,45592.7770537706
382,3009,25,23,122,17874118.5214844,20136.0276658741
383,3134,19,20,116,36690335.0683594,35849.876381051
384,3129,19,20,116,30570385.4511719,28720.0529829772
385,3098,19,23,122,33107273.8339844,29414.6250745213
386,2112,26,20,125,24870099.4023438,31876.8374637509
387,2171,26,20,125,12221618.3496094,14976.7407832284
388,3087,25,21,118,30848979.125,33717.6414240357
389,4076,26,35,120,39420635.8378906,33012.7673609447
390,4152,26,35,120,19394111.0507812,21384.0938843366
391,4061,26,35,120,20933415.4648438,19861.1524849095
392,4088,26,35,120,34296368.1601562,34870.5722470901
393,4060,26,35,120,20940868.0957031,24690.6629572102
394,4092,26,28,120,10186721.4140625,16601.6021715337
395,4053,26,35,120,24855839.3828125,22827.6869195681
396,4093,26,35,119,27783629.5332031,25199.911925407
397,4115,26,21,119,9244208.14453125,14633.3654738002
398,4090,26,28,119,18524601.6738281,18141.3264701365
399,4163,26,35,120,12796711.9863281,24332.2214226162
400,4114,26,35,120,5891180.546875,18495.9267816146
401,4067,26,35,119,30712742.8144531,50580.4175053815
402,4059,26,28,119,27452669.2636719,28391.112944833
403,4162,26,28,119,21288199.453125,28882.0626862686
404,4055,19,28,118,25811023.9941406,22973.8536104683
405,4130,19,28,119,9696663.26367188,19935.2469752861
406,4079,19,28,118,15145223.7636719,21160.5486685053
407,4089,19,28,119,34061599.9824219,29980.8042499696
408,4199,26,35,119,17224533.4824219,17852.7740428979
409,4100,19,35,118,29336530.8847656,23517.8303466077
410,4104,26,21,118,35913366.3671875,26983.7526267299
411,4116,25,28,118,4689835.81445312,11054.3178903215
412,4105,25,35,118,38560824.7441406,30583.7389430974
413,4097,25,35,118,29696212.9589844,26286.8824619362
414,4164,19,28,118,19628926.8378906,21257.9808975796
415,4057,19,28,118,22914150.9023438,24982.0750399201
416,3173,25,23,122,28215481.0742188,25601.9315684721
417,3163,25,23,122,16089183.1875,21681.7562309515
418,3148,25,23,122,41040721.9707031,35021.0286994061
419,3155,25,23,122,44584375.8828125,33278.5475294472
420,3089,25,23,122,77507320.9882812,49499.3939851076
421,3139,25,21,121,41581290.6269531,37277.1549727014
422,3065,25,21,121,31060084.1074219,32270.6107956662
423,3125,25,23,121,62296811.4921875,38335.8311577507
424,3114,25,21,121,23505308.4511719,25381.6961048174
425,3165,25,21,121,24496277.1132812,27871.6254841566
426,3007,25,21,121,55462190.2070312,41417.3619138111
427,3123,25,23,121,65287900.859375,34846.0235243548
428,3005,25,23,122,199044087.046875,70644.1924379363
429,3088,25,21,121,214638215.515625,85927.6459636037
430,3201,25,21,121,410988870.560547,135059.58732861
431,3170,25,21,121,102655480.460938,67271.2258921505
432,4078,21,28,118,307290501.421875,89608.4357543424
433,4137,19,28,118,79895494.9355469,46677.7219781798
434,4096,26,35,119,46201926.0527344,28871.9336746141
435,4195,26,35,120,8064218.609375,19383.4602674348
436,4050,26,21,120,21092485.9726562,18813.4893498119
437,4049,26,35,120,38713410.6699219,38691.2532741014
438,4051,26,21,120,19841591.9140625,18601.0999779599
439,4021,26,35,121,24818085.1992188,33465.9257621823
440,4095,26,21,119,14726574.6875,18614.6100075723
441,4052,26,21,120,14547530.984375,16112.8514547096
442,3040,25,21,121,17786532.3515625,18112.0928055764
443,3157,25,21,121,24126686.6347656,28603.277121004
444,4173,25,21,121,43995976.765625,37578.1893400159
445,3084,25,21,121,48891855.1523438,31377.6493708409
446,3108,25,21,121,18384835.7558594,19229.1232924814
447,3110,25,21,118,23245358.1054688,26266.2752920455
448,4171,25,21,118,10981863.6347656,17675.3891658011
449,4094,26,21,119,31172847.6386719,31837.805717398
450,4172,25,21,118,16444998.546875,19508.7528949978
451,3028,25,21,118,17588285.6152344,20430.6207427262
452,4108,26,21,118,25984407.0175781,21328.5082805562
453,4179,25,21,118,17311575.7148438,18405.6229458947
454,3100,25,21,118,27919500.4121094,23795.2748161889
455,4005,26,35,120,24591451.0097656,30189.0179447055
456,2035,26,35,123,12523918.0175781,21817.6477689652
457,4006,26,35,123,4646549.51367188,10405.329348154
458,4122,26,35,120,434397.236328125,3319.15511032823
459,3205,26,35,120,443645.666015625,3237.58754380802
460,4119,26,35,120,2156671.50195312,6255.8132490867
461,2036,26,35,123,11751752.5683594,16677.3688906586
462,2055,26,35,123,14469603.9042969,17149.075774343
463,2054,26,35,123,15723112.0957031,18805.1258158129
464,3018,25,21,121,17358780.578125,23420.6006276986
465,2094,26,21,123,4468840.171875,12713.3647957755
466,3141,26,35,123,16069261.0390625,19870.1941645638
467,3053,25,21,121,37533370.9179688,45479.9690526626
468,3020,25,21,121,23764314.4980469,21805.4203441192
469,3026,25,21,121,13227142.7910156,16821.342437153
470,4010,19,35,120,26929619.7753906,28170.0850211877
471,4009,26,35,120,14449495.5800781,19454.7298633353
472,4110,26,35,120,9606898.00585938,15513.5935718894
473,4008,26,21,120,11391493.1171875,14879.5023712987
474,3025,25,21,121,14213983.0546875,17278.8234228122
475,3021,25,21,121,27907900.9453125,23522.4823908037
476,4112,26,21,121,4884278.90234375,10162.4662871547
477,4007,26,21,120,146044099.914062,77704.2900923549
478,3022,25,21,121,16994603.2070312,22144.4148183442
479,2144,26,20,123,17000732.2128906,17444.9417967071
480,2121,26,20,123,12895578.6914062,21759.369320591
481,2135,26,20,123,7381161.734375,13142.7399716086
482,2109,26,20,123,513733.47265625,5571.22360601036
483,2129,25,21,123,24405.94140625,852.796092848337
484,2010,26,21,123,23667478.4648438,26332.6993178574
485,2150,26,21,123,1590223.10351562,5245.39963809317
486,3063,26,21,123,22861272.9628906,20685.6191649348
487,3080,25,21,121,135530828.466797,52173.7093239811
488,3046,25,21,121,10603691.7714844,14082.6993782446
489,3047,25,21,121,13758103.8632812,15199.6459401042
490,3027,25,21,121,11833520.1777344,15406.0233677356
491,3156,25,21,121,1622101.09960938,9944.03572109439
492,4038,25,21,120,20356307.921875,23887.3435004672
493,3048,25,21,121,13531499.1894531,16268.560944873
494,3049,25,21,121,24741327.2363281,21000.659957234
495,3050,25,21,121,19366048.4472656,24958.4910285308
496,3061,25,21,123,35242153.8261719,26347.3089514026
497,3060,25,21,121,31510167.3613281,24243.0911421194
498,3079,25,21,122,34618255.2988281,26757.2899832361
499,3091,25,21,122,62193118.8652344,37186.0877900613
500,3117,25,21,121,28408239.6894531,28794.5807142465
501,3081,25,21,121,17188012.9707031,18365.6650241439
502,3092,25,21,122,40742612.3769531,37423.9194487818
503,1129,19,20,117,70050823.6777344,42956.2805660416
504,2065,19,20,125,23873500.3476562,26150.2006830423
505,3043,25,23,122,48443420.3222656,35488.1278260416
506,3124,25,21,121,145495518.730469,76132.017952021
507,3093,25,23,122,45795813.765625,29702.028776204
508,3105,25,21,118,26516957.2441406,25489.5513761001
509,2176,19,23,125,19059710.0097656,19045.9954649238
510,3010,26,20,116,5114862.20507812,12985.5233383606
511,3051,25,23,122,11369075.1933594,18796.8749555191
512,3128,25,23,122,5863784.18554688,20155.1184580032
513,2167,26,20,116,15800209.7011719,25487.905279944
514,2162,26,20,116,10517472.0488281,14525.0529665692
515,2122,26,20,116,7415198.73828125,13984.8467692478
516,2113,26,20,116,1201541.94140625,7534.01452328347
517,3011,26,21,123,8572293.45703125,12374.3958641967
518,3024,26,21,116,149076.6328125,1947.62185093952
519,3135,26,21,116,5509287.42773438,9912.95350619964
520,3057,26,21,122,9774517.39453125,12432.2886781521
521,3062,26,21,123,19796560.2617188,23283.182326528
522,3138,25,21,121,10044475.0195312,23223.7397030277
523,4147,25,21,120,3269617.20117188,9222.39660726343
524,4120,26,35,120,3824065.17578125,10291.0498488506
525,2108,26,23,125,10678820.6914062,15057.0943152805
526,4066,26,35,120,27581425.0234375,23904.9715971799
527,4161,26,35,120,4415730.16796875,9399.33468279743
528,4168,26,35,120,12131886.1386719,18264.6516176513
529,4150,19,35,120,38603790.28125,31708.5687405682
530,4098,26,21,118,14300702.3046875,16025.5219108353
531,4141,19,28,119,9291337.1875,14317.8242525149
532,4145,19,35,120,181390.822265625,1831.6565148221
533,4191,19,35,119,894674.712890625,3782.36152493621
534,4196,26,35,120,6363312.11523438,13095.7202856893
535,4197,26,35,120,328160.98828125,5615.41387699343
536,4187,19,28,118,6798348.44726562,11718.9315406649
537,3041,26,21,123,9869333.46679688,17142.4294691625
538,4158,19,35,118,7224654.46289062,14191.7652037409
539,4117,25,21,121,6992029.01171875,13803.277550914
540,4142,26,35,120,4174316.43359375,11283.9709530898
541,4166,26,35,120,4683900.95703125,11314.62429416
542,4135,26,35,120,2473866.4609375,7525.73735323581
543,4183,26,35,120,387506.787109375,3204.7916397877
544,4178,26,35,120,411207.15625,3493.56866237864
545,4186,26,35,120,758331.6484375,4151.05045793752
546,4184,26,35,120,104718.40234375,1370.75354644141
547,4128,26,35,123,909624.580078125,4561.93661318917
548,4123,26,35,120,2492620.37109375,7668.89676376584
549,4111,19,35,120,16117285.2792969,21975.6318153699
550,4131,26,35,120,4717421.55273438,9507.95997366866
551,4134,26,35,120,235564.4375,2325.02802872596
552,4170,25,21,121,7149220.7109375,11134.6997433706
553,4169,25,21,121,2122548.97265625,6907.04372642666
554,3103,25,21,118,57744779.375,36685.6988157229
555,4148,26,35,119,7741004.14257812,18021.1990631211
556,3064,26,21,123,3671640.10742188,8501.59911800507
557,3031,26,21,123,188692.26171875,1880.91149087525
558,3131,25,21,123,1987364.38476562,9299.98410603815
559,2131,26,20,123,2009888.74023438,6977.59071821969
560,2132,26,20,123,1630606.87109375,6738.34231311609
561,4084,19,28,120,60385618.4648438,34413.9136988035
562,1117,19,28,119,15403345.9453125,21016.5653440449
563,1120,26,20,119,3305198.01953125,10063.3602580898
564,2118,26,20,119,826325.380859375,10244.3448868983
565,2117,26,35,123,8674649.57226562,16525.4021413424
566,1119,26,20,119,1190923.921875,6661.96660076082
567,2089,26,20,125,4781180.80273438,12380.6541336151
568,1041,19,20,117,70189032.9960938,40673.9038198428
569,1045,19,20,117,48221029.0566406,29633.9172725503
570,1060,19,20,117,98296315.5683594,57151.5086478632
571,4113,19,28,120,26658065.1269531,33242.7681261942
572,2067,26,35,123,1661887.97265625,5989.0336326927
573,4203,26,35,120,1294326.671875,5542.5630037644
574,3133,26,21,123,199500.322265625,2029.70959721561
575,4185,26,35,119,410620.365234375,2602.94491167018
576,2101,26,20,125,5004655.25976562,9644.65773531141
577,4175,26,35,120,1187978.11914062,10955.4644285619
578,4192,26,35,120,1799559.66210938,7069.70158949172
579,4154,26,35,120,5778206.46875,11578.7540782774
580,4140,26,35,119,521037.63671875,5623.11879669138
581,3002,19,23,122,68695496.8945312,54052.6618037634
582,2063,25,23,122,253446485.257812,147962.995225865
583,3151,25,23,122,77694289.2578125,56291.9757785419
584,3099,19,23,122,102200968.103516,88495.4983244679
585,3144,25,21,121,50292002.7675781,33858.6642718832
586,3116,25,21,121,44451467.2207031,35449.484448078
587,3072,25,21,121,87235469.96875,65028.5864785529
588,4056,19,28,118,34686716.8515625,28832.0349146631
589,4138,26,35,119,156981.7890625,3283.37195487632
590,4146,26,35,120,3367016.30273438,8840.88198192766
591,4201,19,28,119,501160.58984375,3218.51261258839
592,4188,19,28,118,1049245.60742188,4843.88097572213
593,4099,26,35,119,15146130.8046875,22142.5731892822
594,1154,19,23,117,20017301.9199219,30252.2883834423
595,1009,26,20,124,11167763.3925781,14830.5819682352
596,1101,19,20,117,4149541.52734375,9695.53837612827
597,1123,19,23,118,342451609.154297,85560.2110305101
598,3152,25,23,122,32149923.6035156,32702.5391243004
599,2093,19,20,117,26528668.2675781,45847.5458830417
600,4144,19,28,118,4949392.69921875,8991.03283839019
601,1046,19,20,118,35509695.5019531,36380.9174689977
602,2116,26,20,123,339026.0625,5013.84120217659
603,2146,26,20,123,2660572.72460938,10608.8692910676
604,4023,19,28,119,23824899.1640625,23149.1356319808
605,4194,19,28,118,28111994.8964844,23156.149665039
606,4149,26,35,120,12355406.6015625,16580.3174091889
607,4022,26,21,120,7159735.6484375,12810.3565100303
608,4151,19,28,118,384915007.423828,138379.150869333
609,2051,26,35,123,11187800.640625,14447.6815032862
610,4069,19,28,119,125246591.402344,52565.4466155142
611,4159,19,28,119,90664459.9453125,108219.631434682
612,4193,19,35,120,11498255.5039062,29591.7763292261
613,3012,25,23,122,462139288.783203,124744.183206938
614,4190,19,35,119,3318588.1015625,12581.1821602874
615,1056,19,28,118,206861272.744141,97793.7807867415
616,4214,19,28,118,278092425.853516,156565.72650364
617,3004,25,20,123,577776.529296875,4688.51252772
618,1064,19,23,118,398826727.986328,110913.946293085
619,1118,19,23,117,80425942.7578125,49576.0373021142
620,2119,26,20,116,1202099.41796875,4949.70234900929
621,3158,19,23,122,8205665.56445312,18911.0645692052
622,1044,19,20,117,30231474.4941406,23553.6670412645
623,4176,25,21,121,11626511.1621094,27331.8768877231
624,2133,26,20,125,2182248.22851562,9229.44667783394
625,4136,19,28,118,288671814.037109,71967.0709459889
626,1144,19,23,117,26475160.78125,25847.3517903888
627,2105,26,35,116,4917219.70898438,8895.57885392793
628,4198,19,35,120,16527178.9042969,22336.9567990805
629,4118,19,28,118,39292316.5332031,37592.4419717437
630,1074,26,20,119,1072988.33007812,6385.72153571315
631,3169,19,23,122,26237246.7949219,38043.1876407716
632,3160,19,23,122,18776677.25,20269.3637412635
633,3008,19,23,122,3607470.10546875,9238.20663493327
634,4165,19,28,118,55122878.8242188,54486.0540702163
635,4177,19,28,119,918240.521484375,4082.64483896593
636,1092,19,23,117,31471362.9941406,22434.6381891442
637,1114,19,23,118,23821507.2148438,27207.0342187953
638,2152,26,35,123,5337331.16992188,9348.76747344552
639,2155,26,20,123,910172.84765625,6557.45769483792
640,2106,26,20,125,6017490.22265625,12449.4885696603
641,4107,26,35,120,9217038.12890625,14286.7383543055
642,4174,25,21,119,15144340.9453125,30581.6176496087
643,2157,26,20,125,447520.2109375,6910.21144682962
644,2156,26,20,116,21534345.2207031,21926.2274953105
645,2153,26,20,116,1275373.37109375,6754.41445640805
646,2158,19,23,117,40439.4375,1137.13769118183
647,4202,19,28,118,602306.12890625,5357.79191411397
648,3176,25,23,122,1167002.60742188,4832.1942603331
649,1126,26,28,123,750882.521484375,6000.14203782069
650,1127,19,20,119,7174012.41796875,12603.8735392331
651,1025,19,20,117,6491726.96289062,10801.8308406661
652,1130,19,20,117,3521607.74804688,12872.6781366893
653,1134,19,23,117,1908265.76757812,5751.39731149879
654,1133,19,23,117,68140456.8144531,32553.4212366247
655,1135,19,23,117,6211788.32617188,45657.6261470918
656,1106,19,20,117,2826011.68164062,16651.8718413386
657,1136,26,20,124,21209327.4609375,46853.0920083947
658,1137,19,20,117,2275220.96289062,6032.1243055741
659,2115,19,23,122,104775459.564453,86972.9187842825
660,2006,26,20,116,569414.595703125,3395.64418188838
661,2159,26,20,125,2109192.390625,6049.20793202907
662,3177,25,21,121,778067.38671875,35062.6243905824
663,3178,25,21,123,3976959.41015625,9037.13735847742
664,3179,26,21,123,284735.435546875,6216.64336306599
665,3181,25,21,121,56214439.9199219,45682.583066801
666,3082,25,21,121,23034887.0253906,22870.825652977
667,3111,26,21,123,278684.359375,3897.78725362813
668,3175,26,21,123,6877491.72265625,12448.1360036941
669,3183,25,21,121,46950574.6386719,43068.9601011316
670,3147,26,35,123,1360016.40820312,8014.06848673945
671,4205,26,35,121,10083715.3261719,16444.3545124364
672,4206,26,21,120,7324974.54296875,12418.6106881402
673,4209,19,28,118,17259080.0234375,25443.5572895892
674,4207,19,28,118,266919.89453125,12142.5876741991
675,4208,19,28,118,196313.666015625,11984.5536965694
676,4210,25,21,121,6078968.87304688,15299.2146612435
677,4211,26,35,123,395166.14453125,3096.57691495724
678,4212,19,28,118,634726.8515625,18790.8463564418
679,4103,19,28,118,254834.8515625,14811.6525186726
680,4133,19,28,118,39127187.1171875,27207.8217755204
681,3204,26,35,123,5256144.37890625,11724.5539240752
682,4153,19,28,118,64647196.7578125,74488.3875858565
683,4180,21,28,118,136007039.712891,61783.2596626545
684,4129,19,28,118,24074105.3457031,28124.5020889647
685,4127,19,28,120,38328107.8261719,77345.8559970306
686,3184,25,23,122,5516327.29101562,11366.940475231
687,3187,19,23,122,607044.5625,4104.40867729188
688,3186,19,23,122,2091647.83984375,6933.16707911217
689,3191,19,23,122,6920972.07226562,16184.6139983969
690,3189,19,23,122,9621988.62890625,23319.0047365408
691,3188,19,23,122,3073625.09765625,23801.8914073857
692,3185,19,23,122,2350336.39453125,8605.36994923831
693,3190,19,23,122,33010116.4921875,44445.7293029317
694,1027,26,20,124,5602884.76367188,13339.0121791864
695,1103,19,23,117,89147260.8242188,42720.9838732579
696,1116,19,23,117,99617157.9980469,47786.7140030729
697,1125,19,23,117,58961448.5917969,34968.7232616249
698,1146,19,23,118,206034565.074219,68196.2793985568
699,1128,19,23,117,214106704.544922,83030.404946441
700,1073,19,20,117,32945398.4648438,28591.9698811276
701,1138,26,23,124,35478145.8007812,27092.250239175
702,1139,26,20,124,13782583.3789062,16425.4760745
703,1140,19,20,117,20379744.46875,32051.1191531081
704,1150,19,20,117,35184892.4570312,26846.8929292924
705,1142,26,20,124,12609859.4746094,17194.1653067724
706,3054,26,35,123,953998.283203125,6553.33550504031
707,2107,19,20,122,24386889.6796875,21674.0571865902
708,2136,19,23,122,38789985.7753906,26262.7025275714
709,2120,19,23,125,62249360.8027344,39628.800986226
710,3195,26,20,116,23452189.4726562,25865.3432297873
711,3196,25,23,122,1687772.79296875,5449.97233935539
712,3197,25,21,121,3394518.87304688,7815.84048469087
713,3198,19,23,122,7840875.27929688,14250.5753725671
714,3199,25,23,122,40679804.96875,27579.1767179095
715,3202,25,23,122,24375084.7148438,31770.3843391158
716,3203,25,23,122,42575324.9335938,34356.2371925108
717,4132,19,35,119,37105841.5292969,27110.707986096
718,4083,19,35,119,5450411.41992188,9428.73208865897
719,4189,19,35,120,15839910.5625,31757.7334791967
720,1147,26,20,124,13581387.2636719,16957.0654308443
721,1148,26,20,124,10298084.3828125,19558.1980250883
722,1099,26,20,124,19155705.6015625,19112.5876114609
723,1121,19,20,117,22569253.2597656,22015.5687617481
724,1110,19,20,117,33428735.2363281,30857.3448676729
725,2154,19,20,125,32113365.3085938,27827.0847644745
726,3162,19,23,122,69291397.9609375,38398.9250124408
727,3168,19,23,122,6027913.16210938,12081.6320822521
728,4213,26,35,120,5071944.79492188,20425.4833541612
729,1089,26,20,118,1032288.75976562,4758.38574722248
730,1011,19,20,118,8803655.15234375,12640.305472298
731,1020,19,28,119,14301969.7949219,16160.1465061959
732,1124,19,20,118,2037248.44921875,5824.7238395887
733,1131,19,20,124,100011.896484375,4187.524974164
734,1132,19,28,119,7915170.08007812,11382.163967236
735,2177,26,35,116,106083.576171875,1694.62703856737
736,2178,26,35,116,7321705.04492188,16475.3372257815
737,2179,19,20,122,2750688.5078125,7404.53983220606
738,3016,26,21,121,846072.82421875,3916.23542863298
739,3019,25,21,122,821282.970703125,7378.9905469357
740,3023,25,21,121,834995.537109375,6103.14457767686
741,3037,25,21,122,1093386.97070312,8820.73742921248
742,3140,26,35,120,766264.904296875,6391.17978438265
743,4217,26,28,123,5299022.8984375,10633.3295481506
744,4218,19,35,120,426285.626953125,2791.68847860972
745,4219,26,28,120,112066.611328125,1432.40897200588
746,4222,25,21,121,2241323.09375,7929.48689882346
747,4223,26,28,119,882746.880859375,6561.85593310214
748,4224,26,21,119,230926.39453125,6226.02672415008
749,3032,19,20,122,675593.86328125,3850.10956298404
750,4220,26,28,120,92068.453125,1246.3604408454
751,4221,26,21,121,207015.552734375,4736.54707834145
752,4226,25,28,118,5240709.28320312,10501.8855372794
753,4225,25,28,118,5705411.52929688,12141.0634994236
754,4227,19,28,119,401757.658203125,8403.39873060046
755,4054,26,35,119,35807470.1777344,29331.7942260255
756,2182,19,23,122,32868218.1074219,28638.1812201719
757,2181,19,23,122,26605158.4023438,21640.9836811676
758,2180,19,20,125,16635160.8457031,20904.5063522807
759,1152,19,20,124,27821735.6777344,23572.1461614146
760,1153,19,23,117,49453575.4550781,32222.185413327
761,1122,19,23,117,29269990.0703125,27872.2691633298
762,3052,25,21,121,26865523.2734375,24651.7032821747
763,3137,25,21,121,23135949.2636719,25010.5254883723
764,1082,26,20,117,21842632.4238281,21445.9782608785
765,1108,19,20,117,12656525.6210938,19170.5311969093
766,1157,26,20,124,23635451.6210938,19671.3444251585
767,3107,25,23,122,21557143.4003906,32647.9082171503
768,3127,25,23,122,19125178.7519531,18387.8031079909
769,3121,25,21,121,23948403.9902344,32549.9003480695
770,4228,26,35,123,5205198.06640625,10904.4532860591
771,4229,19,35,120,13926200.0683594,17790.5878557187
772,4230,19,35,120,25196158.0429688,27778.2548059075
773,3136,26,21,123,7678466.78125,14156.8915380752
774,1158,26,23,124,9873862.40039062,16922.2159474451
775,1159,19,20,119,2212206.234375,7967.97310537798
776,3150,25,21,121,5306516.81445312,15079.896878442
